seed,gate,encoding,stiffness,size,fitness_gen_100
0,XOR,stiffness,True,False,0.2287255487801259
1,XOR,stiffness,True,False,0.14623595432131967
2,XOR,stiffness,True,False,0.14764881055782575
3,XOR,stiffness,True,False,0.23175141422826717
4,XOR,stiffness,True,False,0.13458485759967184
5,XOR,stiffness,True,False,0.2060943340523956
6,XOR,stiffness,True,False,0.26947742500474264
7,XOR,stiffness,True,False,0.15220137975111936
8,XOR,stiffness,True,False,0.2686282856776878
9,XOR,stiffness,True,False,0.22764810975329108
10,XOR,stiffness,True,False,0.21594097337596696
11,XOR,stiffness,True,False,0.15301834924097946
12,XOR,stiffness,True,False,0.21924551260764272
13,XOR,stiffness,True,False,0.2181896320580133
14,XOR,stiffness,True,False,0.2295797166665012
15,XOR,stiffness,True,False,0.22961308495147145
16,XOR,stiffness,True,False,0.1469518096162919
17,XOR,stiffness,True,False,0.15937069519018168
18,XOR,stiffness,True,False,0.22897542663753645
19,XOR,stiffness,True,False,0.24773411378594973
20,XOR,stiffness,True,False,0.14714998349888875
21,XOR,stiffness,True,False,0.16187271042638177
22,XOR,stiffness,True,False,0.21018720978907623
23,XOR,stiffness,True,False,0.23227804699060847
24,XOR,stiffness,True,False,0.22809388254902838
25,XOR,stiffness,True,False,0.22027699560976638
26,XOR,stiffness,True,False,0.22533561706088812
27,XOR,stiffness,True,False,0.24150597843032867
28,XOR,stiffness,True,False,0.1986016260310565
29,XOR,stiffness,True,False,0.2297983628218502
0,XOR,stiffness,True,True,4.443032892460859
1,XOR,stiffness,True,True,3.0703204712927796
2,XOR,stiffness,True,True,1.8763022593523992
3,XOR,stiffness,True,True,1.1023831398976132
4,XOR,stiffness,True,True,2.7646207023747156
5,XOR,stiffness,True,True,3.3040435039305946
6,XOR,stiffness,True,True,1.050220996454467
7,XOR,stiffness,True,True,3.065696405109707
8,XOR,stiffness,True,True,1.9334893229401366
9,XOR,stiffness,True,True,3.057782736860704
10,XOR,stiffness,True,True,3.1995075545255705
11,XOR,stiffness,True,True,2.1709769528135188
12,XOR,stiffness,True,True,5.904752780757882
13,XOR,stiffness,True,True,1.0477978086358437
14,XOR,stiffness,True,True,3.201492252049159
15,XOR,stiffness,True,True,5.54833946851852
16,XOR,stiffness,True,True,2.7848638772608703
17,XOR,stiffness,True,True,1.9264599090446766
18,XOR,stiffness,True,True,3.3242664238967894
19,XOR,stiffness,True,True,1.3806580307957452
20,XOR,stiffness,True,True,3.844599011440323
21,XOR,stiffness,True,True,3.0932315162371715
22,XOR,stiffness,True,True,6.1556296850978445
23,XOR,stiffness,True,True,3.336225159285841
24,XOR,stiffness,True,True,5.748149622089099
25,XOR,stiffness,True,True,5.6072177180677665
26,XOR,stiffness,True,True,2.2601181274970026
27,XOR,stiffness,True,True,5.628404445365959
28,XOR,stiffness,True,True,7.351917919793812
29,XOR,stiffness,True,True,1.868560568500931
0,OR,stiffness,True,False,0.8585093947692319
1,OR,stiffness,True,False,0.8585289902122
2,OR,stiffness,True,False,0.8570622196004725
3,OR,stiffness,True,False,0.8582928416717323
4,OR,stiffness,True,False,0.8577455771446145
5,OR,stiffness,True,False,0.8585453480474574
6,OR,stiffness,True,False,0.8598285776105687
7,OR,stiffness,True,False,0.8492201672456918
8,OR,stiffness,True,False,0.8590747926337513
9,OR,stiffness,True,False,0.8594484545507263
10,OR,stiffness,True,False,0.8560338796536606
11,OR,stiffness,True,False,0.8583399868668429
12,OR,stiffness,True,False,0.8577273981094826
13,OR,stiffness,True,False,0.8588171662435212
14,OR,stiffness,True,False,0.860345314903974
15,OR,stiffness,True,False,0.8599670721317246
16,OR,stiffness,True,False,0.8547634015777991
17,OR,stiffness,True,False,0.8588158200656929
18,OR,stiffness,True,False,0.8587574166125751
19,OR,stiffness,True,False,0.856662993311815
20,OR,stiffness,True,False,0.8589727511985685
21,OR,stiffness,True,False,0.8595830344258117
22,OR,stiffness,True,False,0.8574289011476817
23,OR,stiffness,True,False,0.8585846649647807
24,OR,stiffness,True,False,0.8568613551255319
25,OR,stiffness,True,False,0.8592254925214663
26,OR,stiffness,True,False,0.8547367327338821
27,OR,stiffness,True,False,0.8581783882258524
28,OR,stiffness,True,False,0.8599120618540734
29,OR,stiffness,True,False,0.8562519387820154
0,OR,stiffness,True,True,27.750476932983045
1,OR,stiffness,True,True,29.536343973209956
2,OR,stiffness,True,True,32.103933594611505
3,OR,stiffness,True,True,27.919634852207377
4,OR,stiffness,True,True,31.126470771493377
5,OR,stiffness,True,True,29.916106494423662
6,OR,stiffness,True,True,31.696704511224354
7,OR,stiffness,True,True,31.08935116017167
8,OR,stiffness,True,True,28.855847690738436
9,OR,stiffness,True,True,29.722459820937154
10,OR,stiffness,True,True,31.164221970351697
11,OR,stiffness,True,True,30.99045091059434
12,OR,stiffness,True,True,27.64841347369526
13,OR,stiffness,True,True,29.32685099589516
14,OR,stiffness,True,True,31.14176422627131
15,OR,stiffness,True,True,26.2962638577686
16,OR,stiffness,True,True,29.920091605903103
17,OR,stiffness,True,True,27.97310835257095
18,OR,stiffness,True,True,27.350582565099057
19,OR,stiffness,True,True,27.725303382152568
20,OR,stiffness,True,True,26.960857098773616
21,OR,stiffness,True,True,28.69491175930437
22,OR,stiffness,True,True,31.822492682915602
23,OR,stiffness,True,True,27.705034542040362
24,OR,stiffness,True,True,27.124848348595705
25,OR,stiffness,True,True,31.40865347345842
26,OR,stiffness,True,True,29.591336784877484
27,OR,stiffness,True,True,30.61055716940707
28,OR,stiffness,True,True,27.054521020458434
29,OR,stiffness,True,True,26.329924313058985
0,AND,stiffness,True,False,1.1313662982132078
1,AND,stiffness,True,False,1.131366666805019
2,AND,stiffness,True,False,1.1313286851465354
3,AND,stiffness,True,False,1.131349069606493
4,AND,stiffness,True,False,1.1313596492998967
5,AND,stiffness,True,False,1.131406397525704
6,AND,stiffness,True,False,1.13133795098371
7,AND,stiffness,True,False,1.1164178298374554
8,AND,stiffness,True,False,1.122977023583718
9,AND,stiffness,True,False,1.1287139650853062
10,AND,stiffness,True,False,1.1314013611421638
11,AND,stiffness,True,False,1.1312972478868975
12,AND,stiffness,True,False,1.1311894789714652
13,AND,stiffness,True,False,1.1258993042858878
14,AND,stiffness,True,False,1.1313276397329908
15,AND,stiffness,True,False,1.128868575257162
16,AND,stiffness,True,False,1.1130174530992496
17,AND,stiffness,True,False,1.1313856282992218
18,AND,stiffness,True,False,1.130134368974288
19,AND,stiffness,True,False,1.1311856457059597
20,AND,stiffness,True,False,1.1312584460100805
21,AND,stiffness,True,False,1.1313319936949315
22,AND,stiffness,True,False,1.131129011964792
23,AND,stiffness,True,False,1.1171796834591758
24,AND,stiffness,True,False,1.1287852010383024
25,AND,stiffness,True,False,1.131358538223252
26,AND,stiffness,True,False,1.131314194106361
27,AND,stiffness,True,False,1.1313112094862545
28,AND,stiffness,True,False,1.1305949526280024
29,AND,stiffness,True,False,1.13134897876453
0,AND,stiffness,True,True,5.972378960285649
1,AND,stiffness,True,True,1.9800228586442046
2,AND,stiffness,True,True,6.267352415195384
3,AND,stiffness,True,True,6.220075130866879
4,AND,stiffness,True,True,2.15891317544166
5,AND,stiffness,True,True,7.642622228201448
6,AND,stiffness,True,True,8.588189186705906
7,AND,stiffness,True,True,6.53909746862207
8,AND,stiffness,True,True,7.941808938197863
9,AND,stiffness,True,True,6.441866789722338
10,AND,stiffness,True,True,2.995118957166685
11,AND,stiffness,True,True,5.789303582834912
12,AND,stiffness,True,True,7.686466974623261
13,AND,stiffness,True,True,7.16829256826917
14,AND,stiffness,True,True,6.5435093853862885
15,AND,stiffness,True,True,3.8929565420160124
16,AND,stiffness,True,True,6.115137299450666
17,AND,stiffness,True,True,2.0725701921387865
18,AND,stiffness,True,True,8.015961533227703
19,AND,stiffness,True,True,7.28432469743819
20,AND,stiffness,True,True,8.244547918253952
21,AND,stiffness,True,True,2.3572430540235234
22,AND,stiffness,True,True,6.764714094833276
23,AND,stiffness,True,True,6.342126027865123
24,AND,stiffness,True,True,2.7007295917523333
25,AND,stiffness,True,True,7.461888742811417
26,AND,stiffness,True,True,7.101809466779252
27,AND,stiffness,True,True,7.8936874985348275
28,AND,stiffness,True,True,6.017474693337196
29,AND,stiffness,True,True,2.026854453574138
0,NAND,stiffness,True,False,0.24414241910400655
1,NAND,stiffness,True,False,0.24667339116924314
2,NAND,stiffness,True,False,0.24597047870827754
3,NAND,stiffness,True,False,0.24553935552084719
4,NAND,stiffness,True,False,0.2467193762930964
5,NAND,stiffness,True,False,0.2465177064910129
6,NAND,stiffness,True,False,0.2442736088453073
7,NAND,stiffness,True,False,0.24641475216597852
8,NAND,stiffness,True,False,0.24247996735711283
9,NAND,stiffness,True,False,0.24557027370642906
10,NAND,stiffness,True,False,0.2464243826149911
11,NAND,stiffness,True,False,0.24638877744378593
12,NAND,stiffness,True,False,0.2457135532850919
13,NAND,stiffness,True,False,0.2463486199509956
14,NAND,stiffness,True,False,0.24578337114611545
15,NAND,stiffness,True,False,0.24452357225373522
16,NAND,stiffness,True,False,0.24661943028417416
17,NAND,stiffness,True,False,0.24663725794525052
18,NAND,stiffness,True,False,0.2467193762930964
19,NAND,stiffness,True,False,0.2445235666473194
20,NAND,stiffness,True,False,0.24578444905526126
21,NAND,stiffness,True,False,0.2446267326898331
22,NAND,stiffness,True,False,0.24559790805059034
23,NAND,stiffness,True,False,0.2467193762930964
24,NAND,stiffness,True,False,0.24170187598692786
25,NAND,stiffness,True,False,0.2450215111266397
26,NAND,stiffness,True,False,0.24612423482280185
27,NAND,stiffness,True,False,0.24166430405148265
28,NAND,stiffness,True,False,0.2467193762930964
29,NAND,stiffness,True,False,0.24667040959681716
0,NAND,stiffness,True,True,9.463319869898804
1,NAND,stiffness,True,True,6.857379237036513
2,NAND,stiffness,True,True,4.255071022527355
3,NAND,stiffness,True,True,9.933363776653849
4,NAND,stiffness,True,True,29.96650613636824
5,NAND,stiffness,True,True,5.965168368171589
6,NAND,stiffness,True,True,6.543868696271534
7,NAND,stiffness,True,True,4.900737806490867
8,NAND,stiffness,True,True,4.541933357968037
9,NAND,stiffness,True,True,2.9452113196092826
10,NAND,stiffness,True,True,2.615726910962201
11,NAND,stiffness,True,True,8.79048084476347
12,NAND,stiffness,True,True,14.113802971309777
13,NAND,stiffness,True,True,13.829114970856367
14,NAND,stiffness,True,True,8.147633708835173
15,NAND,stiffness,True,True,11.535772847606976
16,NAND,stiffness,True,True,3.6543208959268805
17,NAND,stiffness,True,True,8.120781819194267
18,NAND,stiffness,True,True,5.961055030759453
19,NAND,stiffness,True,True,9.790785329744327
20,NAND,stiffness,True,True,8.97183098650768
21,NAND,stiffness,True,True,9.34268697089208
22,NAND,stiffness,True,True,4.92236286234421
23,NAND,stiffness,True,True,6.9835335834598915
24,NAND,stiffness,True,True,4.4848155299068155
25,NAND,stiffness,True,True,9.579216361789003
26,NAND,stiffness,True,True,10.076088764331752
27,NAND,stiffness,True,True,12.566980908959216
28,NAND,stiffness,True,True,9.799376697517719
29,NAND,stiffness,True,True,13.34078958974989
0,NAND,size,False,True,0.24858822082079343
1,NAND,size,False,True,0.2505710763816286
2,NAND,size,False,True,0.25530355347494477
3,NAND,size,False,True,0.24411935654702854
4,NAND,size,False,True,0.22765481321179654
5,NAND,size,False,True,0.25591853674658094
6,NAND,size,False,True,0.24496418157325212
7,NAND,size,False,True,0.2487886052908343
8,NAND,size,False,True,0.23590905331534542
9,NAND,size,False,True,0.1818073381706997
10,NAND,size,False,True,0.25418170849003485
11,NAND,size,False,True,0.25565232769489016
12,NAND,size,False,True,0.2558333689665971
13,NAND,size,False,True,0.25298013352851784
14,NAND,size,False,True,0.21325771054388373
15,NAND,size,False,True,0.271971049339631
16,NAND,size,False,True,0.2244006153871493
17,NAND,size,False,True,0.2434231339885876
18,NAND,size,False,True,0.25613243057725504
19,NAND,size,False,True,0.22841731493346418
20,NAND,size,False,True,0.2327073056190696
21,NAND,size,False,True,0.2557116218544568
22,NAND,size,False,True,0.25581079792232886
23,NAND,size,False,True,0.23318611604718134
24,NAND,size,False,True,0.20428762070303627
25,NAND,size,False,True,0.19607904287027358
26,NAND,size,False,True,0.2372869704983674
27,NAND,size,False,True,0.2529553421620961
28,NAND,size,False,True,0.20608655106396206
29,NAND,size,False,True,0.24986997172386713
0,NAND,size,True,True,8.8060064055771
1,NAND,size,True,True,11.25259817740613
2,NAND,size,True,True,0.9342403415701367
3,NAND,size,True,True,10.732984677457202
4,NAND,size,True,True,17.594405504136777
5,NAND,size,True,True,12.45237270699388
6,NAND,size,True,True,10.182789019958394
7,NAND,size,True,True,8.145529300972202
8,NAND,size,True,True,12.87157858626926
9,NAND,size,True,True,11.546879188360512
10,NAND,size,True,True,7.294881361047723
11,NAND,size,True,True,8.62471314866889
12,NAND,size,True,True,10.684832728907338
13,NAND,size,True,True,1.7893612100906415
14,NAND,size,True,True,10.148676314297083
15,NAND,size,True,True,8.546320926486704
16,NAND,size,True,True,8.983258511504417
17,NAND,size,True,True,11.597383229218353
18,NAND,size,True,True,2.734044803654614
19,NAND,size,True,True,8.671896771802627
20,NAND,size,True,True,10.67635228005985
21,NAND,size,True,True,6.926075922431265
22,NAND,size,True,True,9.937339043256124
23,NAND,size,True,True,12.957012303267785
24,NAND,size,True,True,12.358251598530506
25,NAND,size,True,True,10.263978066118508
26,NAND,size,True,True,11.725414325457995
27,NAND,size,True,True,10.72246632479183
28,NAND,size,True,True,14.465699620496833
29,NAND,size,True,True,15.38572636584707
0,AND,size,False,True,1.106286269231
1,AND,size,False,True,1.106286269231
2,AND,size,False,True,1.1029840045386963
3,AND,size,False,True,1.106286269231
4,AND,size,False,True,1.106286269231
5,AND,size,False,True,1.106286269231
6,AND,size,False,True,1.106286269231
7,AND,size,False,True,1.106286269231
8,AND,size,False,True,1.106286269231
9,AND,size,False,True,1.106286269231
10,AND,size,False,True,1.106286269231
11,AND,size,False,True,1.1042313374956279
12,AND,size,False,True,1.106286269231
13,AND,size,False,True,1.106286269231
14,AND,size,False,True,1.106286269231
15,AND,size,False,True,1.106286269231
16,AND,size,False,True,1.106286269231
17,AND,size,False,True,1.106286269231
18,AND,size,False,True,1.106286269231
19,AND,size,False,True,1.106286269231
20,AND,size,False,True,1.106286269231
21,AND,size,False,True,1.106286269231
22,AND,size,False,True,1.106286269231
23,AND,size,False,True,1.106286269231
24,AND,size,False,True,1.106286269231
25,AND,size,False,True,1.106286269231
26,AND,size,False,True,1.106286269231
27,AND,size,False,True,1.106286269231
28,AND,size,False,True,1.106286269231
29,AND,size,False,True,1.106286269231
0,AND,size,True,True,3.485626743475839
1,AND,size,True,True,4.48210418112126
2,AND,size,True,True,4.825312428620888
3,AND,size,True,True,1.441042455814707
4,AND,size,True,True,1.8118940850845853
5,AND,size,True,True,4.510646238661261
6,AND,size,True,True,5.021615469541199
7,AND,size,True,True,5.235155314666245
8,AND,size,True,True,7.404983059267354
9,AND,size,True,True,7.632654964374346
10,AND,size,True,True,3.182644551121317
11,AND,size,True,True,4.803952341034732
12,AND,size,True,True,5.088371792335657
13,AND,size,True,True,2.9421782499163625
14,AND,size,True,True,4.38718086441266
15,AND,size,True,True,7.380073277434438
16,AND,size,True,True,5.661910551136393
17,AND,size,True,True,5.655985022631742
18,AND,size,True,True,7.23907518044348
19,AND,size,True,True,5.238702681084942
20,AND,size,True,True,7.02033471663718
21,AND,size,True,True,5.705631791200102
22,AND,size,True,True,6.68730994455122
23,AND,size,True,True,7.158465893930963
24,AND,size,True,True,6.521058238007673
25,AND,size,True,True,5.969161030225043
26,AND,size,True,True,5.476126775741693
27,AND,size,True,True,5.3703033642086355
28,AND,size,True,True,6.984306944019583
29,AND,size,True,True,4.237651196707774
0,OR,size,False,True,7.391162532885927
1,OR,size,False,True,6.688374433113371
2,OR,size,False,True,7.110589496558731
3,OR,size,False,True,6.7698297027038015
4,OR,size,False,True,6.992210511634074
5,OR,size,False,True,7.101420895551182
6,OR,size,False,True,6.889745251435041
7,OR,size,False,True,6.832289275099151
8,OR,size,False,True,7.079009424967786
9,OR,size,False,True,6.5908408267999485
10,OR,size,False,True,7.051094523395289
11,OR,size,False,True,6.670708087388316
12,OR,size,False,True,7.571275099874916
13,OR,size,False,True,7.255880888943399
14,OR,size,False,True,7.10391210604451
15,OR,size,False,True,7.135408985752812
16,OR,size,False,True,7.101412056922035
17,OR,size,False,True,7.664206968552371
18,OR,size,False,True,7.068624299730683
19,OR,size,False,True,7.892751474697902
20,OR,size,False,True,6.958258949490862
21,OR,size,False,True,7.092248258905594
22,OR,size,False,True,7.035943483978239
23,OR,size,False,True,7.109640788495644
24,OR,size,False,True,7.191481581320243
25,OR,size,False,True,6.972801423054464
26,OR,size,False,True,7.088449018192759
27,OR,size,False,True,7.016666120620079
28,OR,size,False,True,6.778867412829769
29,OR,size,False,True,7.297796538911704
0,OR,size,True,True,8.761697658405772
1,OR,size,True,True,30.917283740792946
2,OR,size,True,True,30.246553899503247
3,OR,size,True,True,12.362928983641783
4,OR,size,True,True,3.1357047226843675
5,OR,size,True,True,28.50654968661992
6,OR,size,True,True,26.36016432439732
7,OR,size,True,True,27.46439752248366
8,OR,size,True,True,29.937943944157247
9,OR,size,True,True,31.32288088627732
10,OR,size,True,True,30.309183406891535
11,OR,size,True,True,29.77798996468724
12,OR,size,True,True,25.440455271607497
13,OR,size,True,True,25.162715293727885
14,OR,size,True,True,12.568851637847493
15,OR,size,True,True,26.652993010734175
16,OR,size,True,True,29.70426846726068
17,OR,size,True,True,31.609292705251622
18,OR,size,True,True,25.41530714500453
19,OR,size,True,True,23.942206827182794
20,OR,size,True,True,28.07450013792786
21,OR,size,True,True,28.998112204301435
22,OR,size,True,True,31.40496696972408
23,OR,size,True,True,23.82230976440449
24,OR,size,True,True,27.043436599441275
25,OR,size,True,True,13.594084019268589
26,OR,size,True,True,12.786649040029465
27,OR,size,True,True,27.020695160422484
28,OR,size,True,True,31.160887775133666
29,OR,size,True,True,14.408596352244059
0,XOR,size,False,True,0.2562153802942942
1,XOR,size,False,True,0.2567092847312415
2,XOR,size,False,True,0.19910473571266335
3,XOR,size,False,True,0.10364890643472792
4,XOR,size,False,True,0.256538537044525
5,XOR,size,False,True,0.2433383567878719
6,XOR,size,False,True,0.25605323152553106
7,XOR,size,False,True,0.25642959686005123
8,XOR,size,False,True,0.2562580573741251
9,XOR,size,False,True,0.24323091729436194
10,XOR,size,False,True,0.25074948975320444
11,XOR,size,False,True,0.2566320240340566
12,XOR,size,False,True,0.25379934130582243
13,XOR,size,False,True,0.20497900661086646
14,XOR,size,False,True,0.25591732215781643
15,XOR,size,False,True,0.25644644751353557
16,XOR,size,False,True,0.24329413829783983
17,XOR,size,False,True,0.25621190447638414
18,XOR,size,False,True,0.25636952859622786
19,XOR,size,False,True,0.24323822367874248
20,XOR,size,False,True,0.2433424996552149
21,XOR,size,False,True,0.25070809902497104
22,XOR,size,False,True,0.24334038797634766
23,XOR,size,False,True,0.14015795693537478
24,XOR,size,False,True,0.2562578306579902
25,XOR,size,False,True,0.256674405869006
26,XOR,size,False,True,0.25627572094475237
27,XOR,size,False,True,0.2565036034305204
28,XOR,size,False,True,0.23094243849123025
29,XOR,size,False,True,0.24328083939802808
0,XOR,size,True,True,0.9099206094149496
1,XOR,size,True,True,1.0945109694788302
2,XOR,size,True,True,0.4658110386887883
3,XOR,size,True,True,1.0549297735234175
4,XOR,size,True,True,1.1152743078116552
5,XOR,size,True,True,4.510784211621563
6,XOR,size,True,True,4.187928659843433
7,XOR,size,True,True,0.4652618028268189
8,XOR,size,True,True,0.8339543364838343
9,XOR,size,True,True,0.7580656533646691
10,XOR,size,True,True,0.9881870960240847
11,XOR,size,True,True,3.3161619904404476
12,XOR,size,True,True,1.1209071067940277
13,XOR,size,True,True,3.37303702927339
14,XOR,size,True,True,4.935006672976411
15,XOR,size,True,True,3.0795289765592475
16,XOR,size,True,True,1.1724730511217003
17,XOR,size,True,True,1.2245021656253314
18,XOR,size,True,True,1.3534098858070147
19,XOR,size,True,True,1.2058393815338808
20,XOR,size,True,True,4.19316445952535
21,XOR,size,True,True,0.5217367234533741
22,XOR,size,True,True,0.5215033144696609
23,XOR,size,True,True,0.8093025035338495
24,XOR,size,True,True,0.6791168558728626
25,XOR,size,True,True,1.0934874401265107
26,XOR,size,True,True,0.8336679840860772
27,XOR,size,True,True,1.368763507105373
28,XOR,size,True,True,1.3168393356256993
29,XOR,size,True,True,0.5166776082442255
